PUBLICATION DATE,REFERENCE YEAR,ECONOMIC INDICATOR,UNIT,FORECAST VALUE,REVISION REASON
20200116,2019,US Real GDP,Billions of 2012 Dollars,"19,067.90",
20200116,2019,US Non Agricultural Employment,Millions of Jobs,151.383475,
20200116,2019,US Consumer Price Index,Index (1982-84=100),255.6560417,
20200116,2019,US Wage Rate,Dollars Per Year,"61,567.07",
20200116,2019,US Personal Income,Billions of Dollars,"18,620.43",
20200116,2019,Before-Tax Corporate Profits,Billions of Dollars,"2,070.65",
20200116,2019,US Unemployment Rate,Percent,3.670151338,
20200116,2019,10-Year Treasury Note,Percent,2.135833333,
20200116,2019,Federal Funds Rate,Percent,2.175,
20200116,2019,NYC Real Gross City Product,Billions of 2012 Dollars,879.9188394,
20200116,2019,NYC Non-Agricultural Employment,"Thousands of Jobs, seasonally-adjusted","4,639.43",
20200116,2019,NYC Consumer Price Index,Index (1982-84=100),278.3264917,
20200116,2019,NYC Wage Rate,Dollars Per Year,"94,903.51",
20200116,2019,NYC Personal Income,Billions of Dollars,665.60125,
20200116,2019,NYC Office Market Asking Rental Rate,Dollars per Square Foot,79.93513,
20200116,2019,NYC Office Market Vacancy Rate,Percent,9.945797,
20200116,2020,US Real GDP,Billions of 2012 Dollars,"19,461.57",
20200116,2020,US Non Agricultural Employment,Millions of Jobs,153.154225,
20200116,2020,US Consumer Price Index,Index (1982-84=100),260.271575,
20200116,2020,US Wage Rate,Dollars Per Year,"63,376.00",
20200116,2020,US Personal Income,Billions of Dollars,"19,301.58",
20200116,2020,Before-Tax Corporate Profits,Billions of Dollars,"2,134.43",
20200116,2020,US Unemployment Rate,Percent,3.4545395,
20200116,2020,10-Year Treasury Note,Percent,2.124979,
20200116,2020,Federal Funds Rate,Percent,1.6825,
20200116,2020,NYC Real Gross City Product,Billions of 2012 Dollars,896.5778917,
20200116,2020,NYC Non-Agricultural Employment,"Thousands of Jobs, seasonally-adjusted","4,695.97",
20200116,2020,NYC Consumer Price Index,Index (1982-84=100),283.386825,
20200116,2020,NYC Wage Rate,Dollars Per Year,"97,103.05",
20200116,2020,NYC Personal Income,Billions of Dollars,688.880575,
20200116,2020,NYC Office Market Asking Rental Rate,Dollars per Square Foot,81.04933,
20200116,2020,NYC Office Market Vacancy Rate,Percent,10.67798,
20200116,2021,US Real GDP,Billions of 2012 Dollars,"19,845.23",
20200116,2021,US Non Agricultural Employment,Millions of Jobs,154.3007,
20200116,2021,US Consumer Price Index,Index (1982-84=100),264.8656,
20200116,2021,US Wage Rate,Dollars Per Year,"65,737.23",
20200116,2021,US Personal Income,Billions of Dollars,"20,126.87",
20200116,2021,Before-Tax Corporate Profits,Billions of Dollars,"2,224.01",
20200116,2021,US Unemployment Rate,Percent,3.53756525,
20200116,2021,10-Year Treasury Note,Percent,2.68493825,
20200116,2021,Federal Funds Rate,Percent,2.1375,
20200116,2021,NYC Real Gross City Product,Billions of 2012 Dollars,905.077368,
20200116,2021,NYC Non-Agricultural Employment,"Thousands of Jobs, seasonally-adjusted","4,737.59",
20200116,2021,NYC Consumer Price Index,Index (1982-84=100),288.7626,
20200116,2021,NYC Wage Rate,Dollars Per Year,"99,882.71",
20200116,2021,NYC Personal Income,Billions of Dollars,713.485175,
20200116,2021,NYC Office Market Asking Rental Rate,Dollars per Square Foot,83.67937,
20200116,2021,NYC Office Market Vacancy Rate,Percent,9.280085,
20200116,2022,US Real GDP,Billions of 2012 Dollars,"20,173.14",
20200116,2022,US Non Agricultural Employment,Millions of Jobs,154.95425,
20200116,2022,US Consumer Price Index,Index (1982-84=100),271.3486,
20200116,2022,US Wage Rate,Dollars Per Year,"68,426.79",
20200116,2022,US Personal Income,Billions of Dollars,"21,005.25",
20200116,2022,Before-Tax Corporate Profits,Billions of Dollars,"2,335.06",
20200116,2022,US Unemployment Rate,Percent,3.8407145,
20200116,2022,10-Year Treasury Note,Percent,2.94843125,
20200116,2022,Federal Funds Rate,Percent,2.4225,
20200116,2022,NYC Real Gross City Product,Billions of 2012 Dollars,910.6771729,
20200116,2022,NYC Non-Agricultural Employment,"Thousands of Jobs, seasonally-adjusted","4,778.02",
20200416,2020,US Unemployment Rate,Percent,8.02523325,
20200116,2022,NYC Consumer Price Index,Index (1982-84=100),295.698825,
20200116,2022,NYC Wage Rate,Dollars Per Year,"102,361.13",
20200116,2022,NYC Personal Income,Billions of Dollars,737.77035,
20200116,2022,NYC Office Market Asking Rental Rate,Dollars per Square Foot,85.69988,
20200116,2022,NYC Office Market Vacancy Rate,Percent,11.01167,
20200116,2023,US Real GDP,Billions of 2012 Dollars,"20,482.42",
20200116,2023,US Non Agricultural Employment,Millions of Jobs,155.07855,
20200116,2023,US Consumer Price Index,Index (1982-84=100),278.2463,
20200116,2023,US Wage Rate,Dollars Per Year,"71,373.85",
20200116,2023,US Personal Income,Billions of Dollars,"21,910.93",
20200116,2023,Before-Tax Corporate Profits,Billions of Dollars,"2,524.34",
20200116,2023,US Unemployment Rate,Percent,4.28101975,
20200116,2023,10-Year Treasury Note,Percent,3.0055035,
20200116,2023,Federal Funds Rate,Percent,2.6225,
20200116,2023,NYC Real Gross City Product,Billions of 2012 Dollars,915.3814287,
20200116,2023,NYC Non-Agricultural Employment,"Thousands of Jobs, seasonally-adjusted","4,813.76",
20200116,2023,NYC Consumer Price Index,Index (1982-84=100),303.03,
20200116,2023,NYC Wage Rate,Dollars Per Year,"105,028.41",
20200116,2023,NYC Personal Income,Billions of Dollars,764.8349,
20200116,2023,NYC Office Market Asking Rental Rate,Dollars per Square Foot,86.25024,
20200116,2023,NYC Office Market Vacancy Rate,Percent,11.62141,
20200116,2024,US Real GDP,Billions of 2012 Dollars,"20,877.96",
20200116,2024,US Non Agricultural Employment,Millions of Jobs,155.42715,
20200116,2024,US Consumer Price Index,Index (1982-84=100),285.00065,
20200116,2024,US Wage Rate,Dollars Per Year,"74,486.91",
20200116,2024,US Personal Income,Billions of Dollars,"22,911.61",
20200116,2024,Before-Tax Corporate Profits,Billions of Dollars,"2,738.77",
20200116,2024,US Unemployment Rate,Percent,4.5028045,
20200116,2024,10-Year Treasury Note,Percent,3.02384125,
20200116,2024,Federal Funds Rate,Percent,2.62,
20200116,2024,NYC Real Gross City Product,Billions of 2012 Dollars,918.1683309,
20200116,2024,NYC Non-Agricultural Employment,"Thousands of Jobs, seasonally-adjusted","4,844.00",
20200116,2024,NYC Consumer Price Index,Index (1982-84=100),310.2283,
20200116,2024,NYC Wage Rate,Dollars Per Year,"107,372.51",
20200116,2024,NYC Personal Income,Billions of Dollars,793.59645,
20200116,2024,NYC Office Market Asking Rental Rate,Dollars per Square Foot,86.6125,
20200116,2024,NYC Office Market Vacancy Rate,Percent,11.09059,
20200416,2019,US Real GDP,Billions of 2012 Dollars,"19,073.06",
20200416,2019,US Non Agricultural Employment,Millions of Jobs,150.935417,
20200416,2019,US Consumer Price Index,Index (1982-84=100),255.65075,
20200416,2019,US Wage Rate,Dollars Per Year,"61,600.85",
20200416,2019,US Personal Income,Billions of Dollars,"18,602.30",
20200416,2019,Before-Tax Corporate Profits,Billions of Dollars,"2,068.22",
20200416,2019,US Unemployment Rate,Percent,3.662676257,
20200416,2019,10-Year Treasury Note,Percent,2.144166667,
20200416,2019,Federal Funds Rate,Percent,2.158333333,
20200416,2019,NYC Real Gross City Product,Billions of 2012 Dollars,893.1479915,
20200416,2019,NYC Non-Agricultural Employment,"Thousands of Jobs, seasonally-adjusted","4,655.34",
20200416,2019,NYC Consumer Price Index,Index (1982-84=100),278.1641667,
20200416,2019,NYC Wage Rate,Dollars Per Year,"95,796.35",
20200416,2019,NYC Personal Income,Billions of Dollars,667.96705,
20200416,2019,NYC Office Market Asking Rental Rate,Dollars per Square Foot,79.80785257,
20200416,2019,NYC Office Market Vacancy Rate,Percent,11.08872564,
20200416,2020,US Real GDP,Billions of 2012 Dollars,"18,047.24",
20200416,2020,US Non Agricultural Employment,Millions of Jobs,144.0833,
20200416,2020,US Consumer Price Index,Index (1982-84=100),257.397825,
20200416,2020,US Wage Rate,Dollars Per Year,"62,440.51",
20200416,2020,US Personal Income,Billions of Dollars,"18,913.36",
20200416,2020,Before-Tax Corporate Profits,Billions of Dollars,"1,648.15",
20200416,2020,10-Year Treasury Note,Percent,0.823086525,
20200416,2020,Federal Funds Rate,Percent,0.383288025,
20200416,2020,NYC Real Gross City Product,Billions of 2012 Dollars,777.9702413,
20200416,2020,NYC Non-Agricultural Employment,"Thousands of Jobs, seasonally-adjusted","4,304.91",
20200416,2020,NYC Consumer Price Index,Index (1982-84=100),280.18115,
20200416,2020,NYC Wage Rate,Dollars Per Year,"92,506.82",
20200416,2020,NYC Personal Income,Billions of Dollars,661.539725,
20200416,2020,NYC Office Market Asking Rental Rate,Dollars per Square Foot,71.67483,
20200416,2020,NYC Office Market Vacancy Rate,Percent,17.6456,
20200416,2021,US Real GDP,Billions of 2012 Dollars,"19,189.00",
20200416,2021,US Non Agricultural Employment,Millions of Jobs,142.7397,
20200416,2021,US Consumer Price Index,Index (1982-84=100),262.743075,
20200416,2021,US Wage Rate,Dollars Per Year,"65,301.46",
20200416,2021,US Personal Income,Billions of Dollars,"19,494.01",
20200416,2021,Before-Tax Corporate Profits,Billions of Dollars,"2,481.52",
20200416,2021,US Unemployment Rate,Percent,7.86954175,
20200416,2021,10-Year Treasury Note,Percent,0.9898475,
20200416,2021,Federal Funds Rate,Percent,0.124625,
20200416,2021,NYC Real Gross City Product,Billions of 2012 Dollars,870.9772082,
20200416,2021,NYC Non-Agricultural Employment,"Thousands of Jobs, seasonally-adjusted","4,518.16",
20200416,2021,NYC Consumer Price Index,Index (1982-84=100),285.501175,
20200416,2021,NYC Wage Rate,Dollars Per Year,"94,855.26",
20200416,2021,NYC Personal Income,Billions of Dollars,694.22895,
20200416,2021,NYC Office Market Asking Rental Rate,Dollars per Square Foot,76.72931,
20200416,2021,NYC Office Market Vacancy Rate,Percent,13.96188,
20200416,2022,US Real GDP,Billions of 2012 Dollars,"19,955.62",
20200416,2022,US Non Agricultural Employment,Millions of Jobs,150.946375,
20200416,2022,US Consumer Price Index,Index (1982-84=100),269.783675,
20200416,2022,US Wage Rate,Dollars Per Year,"67,499.16",
20200416,2022,US Personal Income,Billions of Dollars,"20,405.73",
20200416,2022,Before-Tax Corporate Profits,Billions of Dollars,"2,542.25",
20200416,2022,US Unemployment Rate,Percent,4.29137575,
20200416,2022,10-Year Treasury Note,Percent,1.34537125,
20200416,2022,Federal Funds Rate,Percent,0.125,
20200416,2022,NYC Real Gross City Product,Billions of 2012 Dollars,878.0067637,
20200416,2022,NYC Non-Agricultural Employment,"Thousands of Jobs, seasonally-adjusted","4,648.48",
20200416,2022,NYC Consumer Price Index,Index (1982-84=100),292.641925,
20200416,2022,NYC Wage Rate,Dollars Per Year,"97,984.29",
20200416,2022,NYC Personal Income,Billions of Dollars,715.92635,
20200416,2022,NYC Office Market Asking Rental Rate,Dollars per Square Foot,79.2765,
20200416,2022,NYC Office Market Vacancy Rate,Percent,13.90184,
20200416,2023,US Real GDP,Billions of 2012 Dollars,"20,279.67",
20200416,2023,US Non Agricultural Employment,Millions of Jobs,154.1243,
20200416,2023,US Consumer Price Index,Index (1982-84=100),277.104075,
20200416,2023,US Wage Rate,Dollars Per Year,"69,544.57",
20200416,2023,US Personal Income,Billions of Dollars,"21,176.27",
20200416,2023,Before-Tax Corporate Profits,Billions of Dollars,"2,589.16",
20200416,2023,US Unemployment Rate,Percent,3.57407325,
20200416,2023,10-Year Treasury Note,Percent,1.587811,
20200416,2023,Federal Funds Rate,Percent,0.125,
20200416,2023,NYC Real Gross City Product,Billions of 2012 Dollars,879.8107097,
20200416,2023,NYC Non-Agricultural Employment,"Thousands of Jobs, seasonally-adjusted","4,721.38",
20200416,2023,NYC Consumer Price Index,Index (1982-84=100),300.223625,
20200416,2023,NYC Wage Rate,Dollars Per Year,"100,297.49",
20200416,2023,NYC Personal Income,Billions of Dollars,739.969225,
20200416,2023,NYC Office Market Asking Rental Rate,Dollars per Square Foot,81.21505,
20200416,2023,NYC Office Market Vacancy Rate,Percent,14.23067,
20200416,2024,US Real GDP,Billions of 2012 Dollars,"20,549.19",
20200416,2024,US Non Agricultural Employment,Millions of Jobs,154.53435,
20200416,2024,US Consumer Price Index,Index (1982-84=100),283.79955,
20200416,2024,US Wage Rate,Dollars Per Year,"71,965.08",
20200416,2024,US Personal Income,Billions of Dollars,"21,991.63",
20200416,2024,Before-Tax Corporate Profits,Billions of Dollars,"2,753.83",
20200416,2024,US Unemployment Rate,Percent,3.97324,
20200416,2024,10-Year Treasury Note,Percent,1.8009975,
20200416,2024,Federal Funds Rate,Percent,0.125,
20200416,2024,NYC Real Gross City Product,Billions of 2012 Dollars,889.6700294,
20200416,2024,NYC Non-Agricultural Employment,"Thousands of Jobs, seasonally-adjusted","4,776.74",
20200416,2024,NYC Consumer Price Index,Index (1982-84=100),307.30225,
20200416,2024,NYC Wage Rate,Dollars Per Year,"102,539.97",
20200416,2024,NYC Personal Income,Billions of Dollars,769.460325,
20200416,2024,NYC Office Market Asking Rental Rate,Dollars per Square Foot,83.08263,
20200416,2024,NYC Office Market Vacancy Rate,Percent,13.21991,
20210114,2020,US Real GDP,Billions of 2012 Dollars,"18,433.70",
20210114,2020,US Non Agricultural Employment,Millions of Jobs,142.3,
20210114,2020,US Consumer Price Index,Index (1982-84=100),258.8,
20210114,2020,US Wage Rate,Dollars Per Year,"65,815.30",
20210114,2020,US Personal Income,Billions of Dollars,"19,708.40",
20210114,2020,Before-Tax Corporate Profits,Billions of Dollars,"2,106.30",
20210114,2020,US Unemployment Rate,Percent,8.1,
20210114,2020,10-Year Treasury Note,Percent,0.9,
20210114,2020,Federal Funds Rate,Percent,0.4,
20210114,2020,NYC Real Gross City Product,Billions of 2012 Dollars,878.4,
20210114,2020,NYC Non-Agricultural Employment,"Thousands of Jobs, non-seasonally-adjusted","4,140.50",
20210114,2020,NYC Consumer Price Index,Index (1982-84=100),283,
20210114,2020,NYC Wage Rate,Dollars Per Year,"99,872.40",
20210114,2020,NYC Personal Income,Billions of Dollars,690.7,
20210114,2020,NYC Office Market Asking Rental Rate,Dollars per Square Foot,70.6,
20210114,2020,NYC Office Market Vacancy Rate,Percent,17,
20210114,2021,US Real GDP,Billions of 2012 Dollars,"19,217.30",
20210114,2021,US Non Agricultural Employment,Millions of Jobs,146.3,
20210114,2021,US Consumer Price Index,Index (1982-84=100),264.1,
20210114,2021,US Wage Rate,Dollars Per Year,"67,720.90",
20210114,2021,US Personal Income,Billions of Dollars,"19,789.90",
20210114,2021,Before-Tax Corporate Profits,Billions of Dollars,"2,092.30",
20210114,2021,US Unemployment Rate,Percent,5.9,
20210114,2021,10-Year Treasury Note,Percent,1,
20210114,2021,Federal Funds Rate,Percent,0.1,
20210114,2021,NYC Real Gross City Product,Billions of 2012 Dollars,923.6,
20210114,2021,NYC Non-Agricultural Employment,"Thousands of Jobs, non-seasonally-adjusted","4,331.70",
20210114,2021,NYC Consumer Price Index,Index (1982-84=100),288.6,
20210114,2021,NYC Wage Rate,Dollars Per Year,"102,765.50",
20210114,2021,NYC Personal Income,Billions of Dollars,701.9,
20210114,2021,NYC Office Market Asking Rental Rate,Dollars per Square Foot,70.1,
20210114,2021,NYC Office Market Vacancy Rate,Percent,16.5,
20210114,2022,US Real GDP,Billions of 2012 Dollars,"19,917.80",
20210114,2022,US Non Agricultural Employment,Millions of Jobs,151.3,
20210114,2022,US Consumer Price Index,Index (1982-84=100),270.7,
20210114,2022,US Wage Rate,Dollars Per Year,"68,556.20",
20210114,2022,US Personal Income,Billions of Dollars,"20,434.80",
20210114,2022,Before-Tax Corporate Profits,Billions of Dollars,"2,222.50",
20210114,2022,US Unemployment Rate,Percent,4.6,
20210114,2022,10-Year Treasury Note,Percent,1.3,
20210114,2022,Federal Funds Rate,Percent,0.1,
20210114,2022,NYC Real Gross City Product,Billions of 2012 Dollars,971.5,
20210114,2022,NYC Non-Agricultural Employment,"Thousands of Jobs, non-seasonally-adjusted","4,584.50",
20210114,2022,NYC Consumer Price Index,Index (1982-84=100),295.6,
20210114,2022,NYC Wage Rate,Dollars Per Year,"105,188.90",
20210114,2022,NYC Personal Income,Billions of Dollars,728,
20210114,2022,NYC Office Market Asking Rental Rate,Dollars per Square Foot,70.1,
20210114,2022,NYC Office Market Vacancy Rate,Percent,17.4,
20210114,2023,US Real GDP,Billions of 2012 Dollars,"20,427.40",
20210114,2023,US Non Agricultural Employment,Millions of Jobs,153.2,
20210114,2023,US Consumer Price Index,Index (1982-84=100),276.3,
20210114,2023,US Wage Rate,Dollars Per Year,"70,541.10",
20210114,2023,US Personal Income,Billions of Dollars,"21,300.80",
20210114,2023,Before-Tax Corporate Profits,Billions of Dollars,"2,375.60",
20210114,2023,US Unemployment Rate,Percent,4.4,
20210114,2023,10-Year Treasury Note,Percent,1.5,
20210114,2023,Federal Funds Rate,Percent,0.1,
20210114,2023,NYC Real Gross City Product,Billions of 2012 Dollars,"1,001.20",
20210114,2023,NYC Non-Agricultural Employment,"Thousands of Jobs, non-seasonally-adjusted","4,683.70",
20210114,2023,NYC Consumer Price Index,Index (1982-84=100),301.8,
20210114,2023,NYC Wage Rate,Dollars Per Year,"107,874.60",
20210114,2023,NYC Personal Income,Billions of Dollars,759.5,
20210114,2023,NYC Office Market Asking Rental Rate,Dollars per Square Foot,72.4,
20210114,2023,NYC Office Market Vacancy Rate,Percent,16.3,
20210114,2024,US Real GDP,Billions of 2012 Dollars,"20,954.20",
20210114,2024,US Non Agricultural Employment,Millions of Jobs,154.8,
20210114,2024,US Consumer Price Index,Index (1982-84=100),281.9,
20210114,2024,US Wage Rate,Dollars Per Year,"73,166.10",
20210114,2024,US Personal Income,Billions of Dollars,"22,284.60",
20210114,2024,Before-Tax Corporate Profits,Billions of Dollars,"2,538.90",
20210114,2024,US Unemployment Rate,Percent,4.1,
20210114,2024,10-Year Treasury Note,Percent,1.6,
20210114,2024,Federal Funds Rate,Percent,0.1,
20210114,2024,NYC Real Gross City Product,Billions of 2012 Dollars,"1,026.40",
20210114,2024,NYC Non-Agricultural Employment,"Thousands of Jobs, non-seasonally-adjusted","4,740.30",
20210114,2024,NYC Consumer Price Index,Index (1982-84=100),308,
20210114,2024,NYC Wage Rate,Dollars Per Year,"110,551.90",
20210114,2024,NYC Personal Income,Billions of Dollars,790.6,
20210114,2024,NYC Office Market Asking Rental Rate,Dollars per Square Foot,73.8,
20210114,2024,NYC Office Market Vacancy Rate,Percent,15.5,
20210114,2025,US Real GDP,Billions of 2012 Dollars,"21,507.20",
20210114,2025,US Non Agricultural Employment,Millions of Jobs,156.1,
20210114,2025,US Consumer Price Index,Index (1982-84=100),288,
20210114,2025,US Wage Rate,Dollars Per Year,"76,126.70",
20210114,2025,US Personal Income,Billions of Dollars,"23,351.10",
20210114,2025,Before-Tax Corporate Profits,Billions of Dollars,"2,707.40",
20210114,2025,US Unemployment Rate,Percent,3.9,
20210114,2025,10-Year Treasury Note,Percent,1.9,
20210114,2025,Federal Funds Rate,Percent,0.1,
20210114,2025,NYC Real Gross City Product,Billions of 2012 Dollars,"1,052",
20210114,2025,NYC Non-Agricultural Employment,"Thousands of Jobs, non-seasonally-adjusted","4,805.20",
20210114,2025,NYC Consumer Price Index,Index (1982-84=100),314.6,
20210114,2025,NYC Wage Rate,Dollars Per Year,"113,718.80",
20210114,2025,NYC Personal Income,Billions of Dollars,822.9,
20210114,2025,NYC Office Market Asking Rental Rate,Dollars per Square Foot,75.8,
20210114,2025,NYC Office Market Vacancy Rate,Percent,14.8,
20210426,2020,US Real GDP,Billions of 2012 Dollars,"18,423.40",
20210426,2020,US Non Agricultural Employment,Millions of Jobs,142.3,
20210426,2020,US Consumer Price Index,Index (1982-84=100),258.8,
20210426,2020,US Wage Rate,Dollars Per Year,"65,600.90",
20210426,2020,US Personal Income,Billions of Dollars,"19,691.60",
20210426,2020,Before-Tax Corporate Profits,Billions of Dollars,"2,101.50",
20210426,2020,US Unemployment Rate,Percent,8.1,
20210426,2020,10-Year Treasury Note,Percent,0.9,
20210426,2020,Federal Funds Rate,Percent,0.4,
20210426,2020,NYC Real Gross City Product,Billions of 2012 Dollars,895.3,
20210426,2020,NYC Non-Agricultural Employment,"Thousands of Jobs, non-seasonally-adjusted","4,133.50",
20210426,2020,NYC Consumer Price Index,Index (1982-84=100),282.9,
20210426,2020,NYC Wage Rate,Dollars Per Year,"102,737.20",
20210426,2020,NYC Personal Income,Billions of Dollars,694.2,
20210426,2020,NYC Office Market Asking Rental Rate,Dollars per Square Foot,80.2,
20210426,2020,NYC Office Market Vacancy Rate,Percent,14.9,
20210426,2021,US Real GDP,Billions of 2012 Dollars,"19,464.80",
20210426,2021,US Non Agricultural Employment,Millions of Jobs,145.6,
20210426,2021,US Consumer Price Index,Index (1982-84=100),264.6,
20210426,2021,US Wage Rate,Dollars Per Year,"68,014.60",
20210426,2021,US Personal Income,Billions of Dollars,"20,683",
20210426,2021,Before-Tax Corporate Profits,Billions of Dollars,"2,392.40",
20210426,2021,US Unemployment Rate,Percent,5.5,
20210426,2021,10-Year Treasury Note,Percent,1.8,
20210426,2021,Federal Funds Rate,Percent,0.1,
20210426,2021,NYC Real Gross City Product,Billions of 2012 Dollars,940.5,
20210426,2021,NYC Non-Agricultural Employment,"Thousands of Jobs, non-seasonally-adjusted","4,284.80",
20210426,2021,NYC Consumer Price Index,Index (1982-84=100),288.6,
20210426,2021,NYC Wage Rate,Dollars Per Year,"104,682.40",
20210426,2021,NYC Personal Income,Billions of Dollars,728,
20210426,2021,NYC Office Market Asking Rental Rate,Dollars per Square Foot,69.3,
20210426,2021,NYC Office Market Vacancy Rate,Percent,16.7,
20210426,2022,US Real GDP,Billions of 2012 Dollars,"20,270.10",
20210426,2022,US Non Agricultural Employment,Millions of Jobs,150.6,
20210426,2022,US Consumer Price Index,Index (1982-84=100),268.7,
20210426,2022,US Wage Rate,Dollars Per Year,"69,292.60",
20210426,2022,US Personal Income,Billions of Dollars,"20,760.90",
20210426,2022,Before-Tax Corporate Profits,Billions of Dollars,"2,466.40",
20210426,2022,US Unemployment Rate,Percent,4.1,
20210426,2022,10-Year Treasury Note,Percent,2.3,
20210426,2022,Federal Funds Rate,Percent,0.1,
20210426,2022,NYC Real Gross City Product,Billions of 2012 Dollars,"1,000.40",
20210426,2022,NYC Non-Agricultural Employment,"Thousands of Jobs, non-seasonally-adjusted","4,577.30",
20210426,2022,NYC Consumer Price Index,Index (1982-84=100),293.6,
20210426,2022,NYC Wage Rate,Dollars Per Year,"107,260.40",
20210426,2022,NYC Personal Income,Billions of Dollars,740.3,
20210426,2022,NYC Office Market Asking Rental Rate,Dollars per Square Foot,69.7,
20210426,2022,NYC Office Market Vacancy Rate,Percent,17.5,
20210426,2023,US Real GDP,Billions of 2012 Dollars,"20,766.90",
20210426,2023,US Non Agricultural Employment,Millions of Jobs,153.3,
20210426,2023,US Consumer Price Index,Index (1982-84=100),274,
20210426,2023,US Wage Rate,Dollars Per Year,"71,512.10",
20210426,2023,US Personal Income,Billions of Dollars,"21,689.90",
20210426,2023,Before-Tax Corporate Profits,Billions of Dollars,"2,611.30",
20210426,2023,US Unemployment Rate,Percent,3.6,
20210426,2023,10-Year Treasury Note,Percent,2.4,
20210426,2023,Federal Funds Rate,Percent,0.1,
20210426,2023,NYC Real Gross City Product,Billions of 2012 Dollars,"1,038.50",
20210426,2023,NYC Non-Agricultural Employment,"Thousands of Jobs, non-seasonally-adjusted","4,724.80",
20210426,2023,NYC Consumer Price Index,Index (1982-84=100),299.8,
20210426,2023,NYC Wage Rate,Dollars Per Year,"110,577.50",
20210426,2023,NYC Personal Income,Billions of Dollars,775.4,
20210426,2023,NYC Office Market Asking Rental Rate,Dollars per Square Foot,72.4,
20210426,2023,NYC Office Market Vacancy Rate,Percent,16.8,
20210426,2024,US Real GDP,Billions of 2012 Dollars,"21,284.10",
20210426,2024,US Non Agricultural Employment,Millions of Jobs,155.1,
20210426,2024,US Consumer Price Index,Index (1982-84=100),280.2,
20210426,2024,US Wage Rate,Dollars Per Year,"74,335.90",
20210426,2024,US Personal Income,Billions of Dollars,"22,804.70",
20210426,2024,Before-Tax Corporate Profits,Billions of Dollars,"2,768.50",
20210426,2024,US Unemployment Rate,Percent,3.4,
20210426,2024,10-Year Treasury Note,Percent,2.6,
20210426,2024,Federal Funds Rate,Percent,0.3,
20210426,2024,NYC Real Gross City Product,Billions of 2012 Dollars,"1,064.20",
20210426,2024,NYC Non-Agricultural Employment,"Thousands of Jobs, non-seasonally-adjusted","4,789",
20210426,2024,NYC Consumer Price Index,Index (1982-84=100),306.6,
20210426,2024,NYC Wage Rate,Dollars Per Year,"113,622.20",
20210426,2024,NYC Personal Income,Billions of Dollars,810.4,
20210426,2024,NYC Office Market Asking Rental Rate,Dollars per Square Foot,74.4,
20210426,2024,NYC Office Market Vacancy Rate,Percent,16.5,
20210426,2025,US Real GDP,Billions of 2012 Dollars,"21,786.90",
20210426,2025,US Non Agricultural Employment,Millions of Jobs,156.2,
20210426,2025,US Consumer Price Index,Index (1982-84=100),287,
20210426,2025,US Wage Rate,Dollars Per Year,"77,554.30",
20210426,2025,US Personal Income,Billions of Dollars,"23,985.20",
20210426,2025,Before-Tax Corporate Profits,Billions of Dollars,"2,938.40",
20210426,2025,US Unemployment Rate,Percent,3.5,
20210426,2025,10-Year Treasury Note,Percent,2.9,
20210426,2025,Federal Funds Rate,Percent,0.5,
20210426,2025,NYC Real Gross City Product,Billions of 2012 Dollars,"1,088.10",
20210426,2025,NYC Non-Agricultural Employment,"Thousands of Jobs, non-seasonally-adjusted","4,861.30",
20210426,2025,NYC Consumer Price Index,Index (1982-84=100),314,
20210426,2025,NYC Wage Rate,Dollars Per Year,"116,584.90",
20210426,2025,NYC Personal Income,Billions of Dollars,844.6,
20210426,2025,NYC Office Market Asking Rental Rate,Dollars per Square Foot,76.2,
20210426,2025,NYC Office Market Vacancy Rate,Percent,16.3,
20220216,2021,US Real GDP,Billions of 2012 Dollars,"19,425.70",
20220216,2021,US Non Agricultural Employment,Millions of Jobs,146.1,
20220216,2021,US Consumer Price Index,Index (1982-84=100),270.9,
20220216,2021,US Wage Rate,Dollars Per Year,"70,463.10",
20220216,2021,US Personal Income,Billions of Dollars,"21,043.20",
20220216,2021,Before-Tax Corporate Profits,Billions of Dollars,"2,970.30",
20220216,2021,US Unemployment Rate,Percent,5.4,
20220216,2021,10-Year Treasury Note,Percent,1.4,
20220216,2021,Federal Funds Rate,Percent,0.1,
20220216,2021,NYC Real Gross City Product,Billions of 2012 Dollars,916.6,
20220216,2021,NYC Non-Agricultural Employment,"Thousands of Jobs, non-seasonally-adjusted","4,177.70",
20220216,2021,NYC Consumer Price Index,Index (1982-84=100),292.8,
20220216,2021,NYC Wage Rate,Dollars Per Year,"111,094.50",
20220216,2021,NYC Personal Income,Billions of Dollars,708.2,
20220216,2021,NYC Office Market Asking Rental Rate,Dollars per Square Foot,76,
20220216,2021,NYC Office Market Vacancy Rate,Percent,18.1,
20220216,2022,US Real GDP,Billions of 2012 Dollars,"20,221.20",
20220216,2022,US Non Agricultural Employment,Millions of Jobs,151.6,
20220216,2022,US Consumer Price Index,Index (1982-84=100),282.3,
20220216,2022,US Wage Rate,Dollars Per Year,"73,490.60",
20220216,2022,US Personal Income,Billions of Dollars,"21,326.20",
20220216,2022,Before-Tax Corporate Profits,Billions of Dollars,"2,897.90",
20220216,2022,US Unemployment Rate,Percent,3.7,
20220216,2022,10-Year Treasury Note,Percent,1.8,
20220216,2022,Federal Funds Rate,Percent,0.4,
20220216,2022,NYC Real Gross City Product,Billions of 2012 Dollars,978.3,
20220216,2022,NYC Non-Agricultural Employment,"Thousands of Jobs, non-seasonally-adjusted","4,369.60",
20220216,2022,NYC Consumer Price Index,Index (1982-84=100),302.8,
20220216,2022,NYC Wage Rate,Dollars Per Year,"113,564.50",
20220216,2022,NYC Personal Income,Billions of Dollars,713.9,
20220216,2022,NYC Office Market Asking Rental Rate,Dollars per Square Foot,72.1,
20220216,2022,NYC Office Market Vacancy Rate,Percent,19.4,
20220216,2023,US Real GDP,Billions of 2012 Dollars,"20,731.20",
20220216,2023,US Non Agricultural Employment,Millions of Jobs,153.6,
20220216,2023,US Consumer Price Index,Index (1982-84=100),288.5,
20220216,2023,US Wage Rate,Dollars Per Year,"76,414.90",
20220216,2023,US Personal Income,Billions of Dollars,"22,350.40",
20220216,2023,Before-Tax Corporate Profits,Billions of Dollars,"2,967.40",
20220216,2023,US Unemployment Rate,Percent,3.6,
20220216,2023,10-Year Treasury Note,Percent,2.4,
20220216,2023,Federal Funds Rate,Percent,1.2,
20220216,2023,NYC Real Gross City Product,Billions of 2012 Dollars,"1,019.70",
20220216,2023,NYC Non-Agricultural Employment,"Thousands of Jobs, non-seasonally-adjusted","4,499.30",
20220216,2023,NYC Consumer Price Index,Index (1982-84=100),308.8,
20220216,2023,NYC Wage Rate,Dollars Per Year,"116,348",
20220216,2023,NYC Personal Income,Billions of Dollars,746,
20220216,2023,NYC Office Market Asking Rental Rate,Dollars per Square Foot,71.7,
20220216,2023,NYC Office Market Vacancy Rate,Percent,19.5,
20220216,2024,US Real GDP,Billions of 2012 Dollars,"21,251.20",
20220216,2024,US Non Agricultural Employment,Millions of Jobs,154.7,
20220216,2024,US Consumer Price Index,Index (1982-84=100),294.5,
20220216,2024,US Wage Rate,Dollars Per Year,"79,540.10",
20220216,2024,US Personal Income,Billions of Dollars,"23,488.20",
20220216,2024,Before-Tax Corporate Profits,Billions of Dollars,"3,164.60",
20220216,2024,US Unemployment Rate,Percent,3.8,
20220216,2024,10-Year Treasury Note,Percent,2.7,
20220216,2024,Federal Funds Rate,Percent,1.8,
20220216,2024,NYC Real Gross City Product,Billions of 2012 Dollars,"1,053.80",
20220216,2024,NYC Non-Agricultural Employment,"Thousands of Jobs, non-seasonally-adjusted","4,619.20",
20220216,2024,NYC Consumer Price Index,Index (1982-84=100),315.2,
20220216,2024,NYC Wage Rate,Dollars Per Year,"118,999.10",
20220216,2024,NYC Personal Income,Billions of Dollars,782.5,
20220216,2024,NYC Office Market Asking Rental Rate,Dollars per Square Foot,72.7,
20220216,2024,NYC Office Market Vacancy Rate,Percent,18.4,
20220216,2025,US Real GDP,Billions of 2012 Dollars,"21,768.50",
20220216,2025,US Non Agricultural Employment,Millions of Jobs,155.7,
20220216,2025,US Consumer Price Index,Index (1982-84=100),300.6,
20220216,2025,US Wage Rate,Dollars Per Year,"82,869.40",
20220216,2025,US Personal Income,Billions of Dollars,"24,697",
20220216,2025,Before-Tax Corporate Profits,Billions of Dollars,"3,359.20",
20220216,2025,US Unemployment Rate,Percent,4,
20220216,2025,10-Year Treasury Note,Percent,2.9,
20220216,2025,Federal Funds Rate,Percent,2.1,
20220216,2025,NYC Real Gross City Product,Billions of 2012 Dollars,"1,084.40",
20220216,2025,NYC Non-Agricultural Employment,"Thousands of Jobs, non-seasonally-adjusted","4,719.50",
20220216,2025,NYC Consumer Price Index,Index (1982-84=100),321.9,
20220216,2025,NYC Wage Rate,Dollars Per Year,"121,317",
20220216,2025,NYC Personal Income,Billions of Dollars,818.8,
20220216,2025,NYC Office Market Asking Rental Rate,Dollars per Square Foot,74.5,
20220216,2025,NYC Office Market Vacancy Rate,Percent,17.2,
20220216,2026,US Real GDP,Billions of 2012 Dollars,"22,298.90",
20220216,2026,US Non Agricultural Employment,Millions of Jobs,156.6,
20220216,2026,US Consumer Price Index,Index (1982-84=100),307.2,
20220216,2026,US Wage Rate,Dollars Per Year,"86,339.90",
20220216,2026,US Personal Income,Billions of Dollars,"25,953.80",
20220216,2026,Before-Tax Corporate Profits,Billions of Dollars,"3,567.40",
20220216,2026,US Unemployment Rate,Percent,4,
20220216,2026,10-Year Treasury Note,Percent,3,
20220216,2026,Federal Funds Rate,Percent,2.4,
20220216,2026,NYC Real Gross City Product,Billions of 2012 Dollars,"1,115.40",
20220216,2026,NYC Non-Agricultural Employment,"Thousands of Jobs, non-seasonally-adjusted","4,788.40",
20220216,2026,NYC Consumer Price Index,Index (1982-84=100),329,
20220216,2026,NYC Wage Rate,Dollars Per Year,"124,319.90",
20220216,2026,NYC Personal Income,Billions of Dollars,856.2,
20220216,2026,NYC Office Market Asking Rental Rate,Dollars per Square Foot,75.7,
20220216,2026,NYC Office Market Vacancy Rate,Percent,16.6,
20220426,2021,US Real GDP,Billions of 2012 Dollars,"19,428.40",
20220426,2021,US Non Agricultural Employment,Millions of Jobs,146.1,
20220426,2021,US Consumer Price Index,Index (1982-84=100),271,
20220426,2021,US Wage Rate,Dollars Per Year,"70,682.50",
20220426,2021,US Personal Income,Billions of Dollars,"21,076.80",
20220426,2021,Before-Tax Corporate Profits,Billions of Dollars,"2,977.80",
20220426,2021,US Unemployment Rate,Percent,5.4,
20220426,2021,10-Year Treasury Note,Percent,1.4,
20220426,2021,Federal Funds Rate,Percent,0.1,
20220426,2021,NYC Real Gross City Product,Billions of 2012 Dollars,890.3,
20220426,2021,NYC Non-Agricultural Employment,"Thousands of Jobs, non-seasonally-adjusted","4,238.30",
20220426,2021,NYC Consumer Price Index,Index (1982-84=100),292.3,
20220426,2021,NYC Wage Rate,Dollars Per Year,"113,784.20",
20220426,2021,NYC Personal Income,Billions of Dollars,714.7,
20220426,2021,NYC Office Market Asking Rental Rate,Dollars per Square Foot,76.3,
20220426,2021,NYC Office Market Vacancy Rate,Percent,19.6,
20220426,2022,US Real GDP,Billions of 2012 Dollars,"20,077.80",
20220426,2022,US Non Agricultural Employment,Millions of Jobs,151.8,
20220426,2022,US Consumer Price Index,Index (1982-84=100),287.7,
20220426,2022,US Wage Rate,Dollars Per Year,"74,567.30",
20220426,2022,US Personal Income,Billions of Dollars,"21,537.70",
20220426,2022,Before-Tax Corporate Profits,Billions of Dollars,"3,024.70",
20220426,2022,US Unemployment Rate,Percent,3.6,
20220426,2022,10-Year Treasury Note,Percent,2.1,
20220426,2022,Federal Funds Rate,Percent,0.8,
20220426,2022,NYC Real Gross City Product,Billions of 2012 Dollars,937.1,
20220426,2022,NYC Non-Agricultural Employment,"Thousands of Jobs, non-seasonally-adjusted","4,437.90",
20220426,2022,NYC Consumer Price Index,Index (1982-84=100),306.8,
20220426,2022,NYC Wage Rate,Dollars Per Year,"115,768.40",
20220426,2022,NYC Personal Income,Billions of Dollars,716.8,
20220426,2022,NYC Office Market Asking Rental Rate,Dollars per Square Foot,71,
20220426,2022,NYC Office Market Vacancy Rate,Percent,22.8,
20220426,2023,US Real GDP,Billions of 2012 Dollars,"20,619.90",
20220426,2023,US Non Agricultural Employment,Millions of Jobs,153.8,
20220426,2023,US Consumer Price Index,Index (1982-84=100),295.2,
20220426,2023,US Wage Rate,Dollars Per Year,"78,082.80",
20220426,2023,US Personal Income,Billions of Dollars,"22,799.40",
20220426,2023,Before-Tax Corporate Profits,Billions of Dollars,"3,023.20",
20220426,2023,US Unemployment Rate,Percent,3.6,
20220426,2023,10-Year Treasury Note,Percent,2.8,
20220426,2023,Federal Funds Rate,Percent,2,
20220426,2023,NYC Real Gross City Product,Billions of 2012 Dollars,967.9,
20220426,2023,NYC Non-Agricultural Employment,"Thousands of Jobs, non-seasonally-adjusted","4,566.30",
20220426,2023,NYC Consumer Price Index,Index (1982-84=100),313.9,
20220426,2023,NYC Wage Rate,Dollars Per Year,"117,166.60",
20220426,2023,NYC Personal Income,Billions of Dollars,751.8,
20220426,2023,NYC Office Market Asking Rental Rate,Dollars per Square Foot,70.7,
20220426,2023,NYC Office Market Vacancy Rate,Percent,23.1,
20220426,2024,US Real GDP,Billions of 2012 Dollars,"21,209.10",
20220426,2024,US Non Agricultural Employment,Millions of Jobs,155.1,
20220426,2024,US Consumer Price Index,Index (1982-84=100),301.5,
20220426,2024,US Wage Rate,Dollars Per Year,"81,498.30",
20220426,2024,US Personal Income,Billions of Dollars,"24,074.50",
20220426,2024,Before-Tax Corporate Profits,Billions of Dollars,"3,202",
20220426,2024,US Unemployment Rate,Percent,3.7,
20220426,2024,10-Year Treasury Note,Percent,3.1,
20220426,2024,Federal Funds Rate,Percent,2.5,
20220426,2024,NYC Real Gross City Product,Billions of 2012 Dollars,998.8,
20220426,2024,NYC Non-Agricultural Employment,"Thousands of Jobs, non-seasonally-adjusted","4,665.50",
20220426,2024,NYC Consumer Price Index,Index (1982-84=100),320.5,
20220426,2024,NYC Wage Rate,Dollars Per Year,"119,308.30",
20220426,2024,NYC Personal Income,Billions of Dollars,789.6,
20220426,2024,NYC Office Market Asking Rental Rate,Dollars per Square Foot,70.8,
20220426,2024,NYC Office Market Vacancy Rate,Percent,22.1,
20220426,2025,US Real GDP,Billions of 2012 Dollars,"21,799.10",
20220426,2025,US Non Agricultural Employment,Millions of Jobs,156.3,
20220426,2025,US Consumer Price Index,Index (1982-84=100),307.9,
20220426,2025,US Wage Rate,Dollars Per Year,"85,003.20",
20220426,2025,US Personal Income,Billions of Dollars,"25,397.90",
20220426,2025,Before-Tax Corporate Profits,Billions of Dollars,"3,460.60",
20220426,2025,US Unemployment Rate,Percent,3.7,
20220426,2025,10-Year Treasury Note,Percent,3.1,
20220426,2025,Federal Funds Rate,Percent,2.6,
20220426,2025,NYC Real Gross City Product,Billions of 2012 Dollars,"1,029.60",
20220426,2025,NYC Non-Agricultural Employment,"Thousands of Jobs, non-seasonally-adjusted","4,760.40",
20220426,2025,NYC Consumer Price Index,Index (1982-84=100),327.6,
20220426,2025,NYC Wage Rate,Dollars Per Year,"122,763.30",
20220426,2025,NYC Personal Income,Billions of Dollars,830.4,
20220426,2025,NYC Office Market Asking Rental Rate,Dollars per Square Foot,73.5,
20220426,2025,NYC Office Market Vacancy Rate,Percent,20.2,
20220426,2026,US Real GDP,Billions of 2012 Dollars,"22,336.70",
20220426,2026,US Non Agricultural Employment,Millions of Jobs,157.5,
20220426,2026,US Consumer Price Index,Index (1982-84=100),314.8,
20220426,2026,US Wage Rate,Dollars Per Year,"88,587.10",
20220426,2026,US Personal Income,Billions of Dollars,"26,709.30",
20220426,2026,Before-Tax Corporate Profits,Billions of Dollars,"3,702.80",
20220426,2026,US Unemployment Rate,Percent,3.6,
20220426,2026,10-Year Treasury Note,Percent,3.1,
20220426,2026,Federal Funds Rate,Percent,2.6,
20220426,2026,NYC Real Gross City Product,Billions of 2012 Dollars,"1,057.90",
20220426,2026,NYC Non-Agricultural Employment,"Thousands of Jobs, non-seasonally-adjusted","4,853.90",
20220426,2026,NYC Consumer Price Index,Index (1982-84=100),335.1,
20220426,2026,NYC Wage Rate,Dollars Per Year,"125,929.80",
20220426,2026,NYC Personal Income,Billions of Dollars,870.4,
20220426,2026,NYC Office Market Asking Rental Rate,Dollars per Square Foot,75.1,
20220426,2026,NYC Office Market Vacancy Rate,Percent,20.4,
20230112,2022,US Real GDP,Billions of 2012 Dollars,"19,983.46",
20230112,2022,US Non Agricultural Employment,Millions of Jobs,152.04775,
20230112,2022,US Consumer Price Index,Index (1982-84=100),292.832,
20230112,2022,US Wage Rate,Dollars Per Year,"73,422.70",
20230112,2022,US Personal Income,Billions of Dollars,"21,751.93",
20230112,2022,Before-Tax Corporate Profits,Billions of Dollars,"3,378.69",
20230112,2022,US Unemployment Rate,Percent,3.66,
20230112,2022,10-Year Treasury Note,Percent,2.952,
20230112,2022,Federal Funds Rate,Percent,1.683,
20230112,2022,NYC Real Gross City Product,Billions of 2012 Dollars,945.956,
20230112,2022,NYC Non-Agricultural Employment,"Thousands of Jobs, non-seasonally-adjusted","4,506.96",
20230112,2022,NYC Consumer Price Index,Index (1982-84=100),309.771,
20230112,2022,NYC Wage Rate,Dollars Per Year,"115,543.54",
20230112,2022,NYC Personal Income,Billions of Dollars,705.059,
20230112,2022,NYC Office Market Asking Rental Rate,Dollars per Square Foot,78.243,
20230112,2022,NYC Office Market Vacancy Rate,Percent,21.736,
20230112,2023,US Real GDP,Billions of 2012 Dollars,"20,039.16",
20230112,2023,US Non Agricultural Employment,Millions of Jobs,152.949925,
20230112,2023,US Consumer Price Index,Index (1982-84=100),304.648,
20230112,2023,US Wage Rate,Dollars Per Year,"76,501.74",
20230112,2023,US Personal Income,Billions of Dollars,"22,736.08",
20230112,2023,Before-Tax Corporate Profits,Billions of Dollars,"3,262.47",
20230112,2023,US Unemployment Rate,Percent,4.613,
20230112,2023,10-Year Treasury Note,Percent,3.589,
20230112,2023,Federal Funds Rate,Percent,4.771,
20230112,2023,NYC Real Gross City Product,Billions of 2012 Dollars,951.642,
20230112,2023,NYC Non-Agricultural Employment,"Thousands of Jobs, non-seasonally-adjusted","4,574.97",
20230112,2023,NYC Consumer Price Index,Index (1982-84=100),319.332,
20230112,2023,NYC Wage Rate,Dollars Per Year,"113,875.83",
20230112,2023,NYC Personal Income,Billions of Dollars,722.522,
20230112,2023,NYC Office Market Asking Rental Rate,Dollars per Square Foot,75.992,
20230112,2023,NYC Office Market Vacancy Rate,Percent,22.328,
20230112,2024,US Real GDP,Billions of 2012 Dollars,"20,406.92",
20230112,2024,US Non Agricultural Employment,Millions of Jobs,152.4182,
20230112,2024,US Consumer Price Index,Index (1982-84=100),311.656,
20230112,2024,US Wage Rate,Dollars Per Year,"79,986.68",
20230112,2024,US Personal Income,Billions of Dollars,"23,785.69",
20230112,2024,Before-Tax Corporate Profits,Billions of Dollars,"3,319.86",
20230112,2024,US Unemployment Rate,Percent,5.03,
20230112,2024,10-Year Treasury Note,Percent,3.346,
20230112,2024,Federal Funds Rate,Percent,4.327,
20230112,2024,NYC Real Gross City Product,Billions of 2012 Dollars,971.402,
20230112,2024,NYC Non-Agricultural Employment,"Thousands of Jobs, non-seasonally-adjusted","4,670.47",
20230112,2024,NYC Consumer Price Index,Index (1982-84=100),325.553,
20230112,2024,NYC Wage Rate,Dollars Per Year,"117,220.79",
20230112,2024,NYC Personal Income,Billions of Dollars,757.489,
20230112,2024,NYC Office Market Asking Rental Rate,Dollars per Square Foot,76.509,
20230112,2024,NYC Office Market Vacancy Rate,Percent,21.009,
20230112,2025,US Real GDP,Billions of 2012 Dollars,"20,812.14",
20230112,2025,US Non Agricultural Employment,Millions of Jobs,153.21255,
20230112,2025,US Consumer Price Index,Index (1982-84=100),318.403,
20230112,2025,US Wage Rate,Dollars Per Year,"83,470.10",
20230112,2025,US Personal Income,Billions of Dollars,"24,923.67",
20230112,2025,Before-Tax Corporate Profits,Billions of Dollars,"3,384.59",
20230112,2025,US Unemployment Rate,Percent,4.645,
20230112,2025,10-Year Treasury Note,Percent,3.223,
20230112,2025,Federal Funds Rate,Percent,2.968,
20230112,2025,NYC Real Gross City Product,Billions of 2012 Dollars,993.793,
20230112,2025,NYC Non-Agricultural Employment,"Thousands of Jobs, non-seasonally-adjusted","4,773.72",
20230112,2025,NYC Consumer Price Index,Index (1982-84=100),330.987,
20230112,2025,NYC Wage Rate,Dollars Per Year,"120,946.77",
20230112,2025,NYC Personal Income,Billions of Dollars,793.665,
20230112,2025,NYC Office Market Asking Rental Rate,Dollars per Square Foot,78.042,
20230112,2025,NYC Office Market Vacancy Rate,Percent,19.559,
20230112,2026,US Real GDP,Billions of 2012 Dollars,"21,188.40",
20230112,2026,US Non Agricultural Employment,Millions of Jobs,153.7983,
20230112,2026,US Consumer Price Index,Index (1982-84=100),325.261,
20230112,2026,US Wage Rate,Dollars Per Year,"86,975.10",
20230112,2026,US Personal Income,Billions of Dollars,"26,052.64",
20230112,2026,Before-Tax Corporate Profits,Billions of Dollars,"3,502.60",
20230112,2026,US Unemployment Rate,Percent,4.436,
20230112,2026,10-Year Treasury Note,Percent,3.208,
20230112,2026,Federal Funds Rate,Percent,2.623,
20230112,2026,NYC Real Gross City Product,Billions of 2012 Dollars,"1,011.70",
20230112,2026,NYC Non-Agricultural Employment,"Thousands of Jobs, non-seasonally-adjusted","4,863.85",
20230112,2026,NYC Consumer Price Index,Index (1982-84=100),336.34,
20230112,2026,NYC Wage Rate,Dollars Per Year,"124,532.77",
20230112,2026,NYC Personal Income,Billions of Dollars,830.047,
20230112,2026,NYC Office Market Asking Rental Rate,Dollars per Square Foot,79.606,
20230112,2026,NYC Office Market Vacancy Rate,Percent,18.732,
20230112,2027,US Real GDP,Billions of 2012 Dollars,"21,536.74",
20230112,2027,US Non Agricultural Employment,Millions of Jobs,154.25855,
20230112,2027,US Consumer Price Index,Index (1982-84=100),332.425,
20230112,2027,US Wage Rate,Dollars Per Year,"90,463.98",
20230112,2027,US Personal Income,Billions of Dollars,"27,237.84",
20230112,2027,Before-Tax Corporate Profits,Billions of Dollars,"3,642.02",
20230112,2027,US Unemployment Rate,Percent,4.354,
20230112,2027,10-Year Treasury Note,Percent,3.198,
20230112,2027,Federal Funds Rate,Percent,2.621,
20230112,2027,NYC Real Gross City Product,Billions of 2012 Dollars,"1,027.11",
20230112,2027,NYC Non-Agricultural Employment,"Thousands of Jobs, non-seasonally-adjusted","4,944.15",
20230112,2027,NYC Consumer Price Index,Index (1982-84=100),341.879,
20230112,2027,NYC Wage Rate,Dollars Per Year,"128,455.37",
20230112,2027,NYC Personal Income,Billions of Dollars,870.236,
20230112,2027,NYC Office Market Asking Rental Rate,Dollars per Square Foot,81.626,
20230112,2027,NYC Office Market Vacancy Rate,Percent,18.626,
20230426,2022,US Real GDP,Billions of 2012 Dollars,"20,015.38",
20230426,2022,US Non Agricultural Employment,Millions of Jobs,152.627,
20230426,2022,US Consumer Price Index,Index (1982-84=100),292.613,
20230426,2022,US Wage Rate,Dollars Per Year,"73,540.59",
20230426,2022,US Personal Income,Billions of Dollars,"21,806.28",
20230426,2022,Before-Tax Corporate Profits,Billions of Dollars,"3,392.55",
20230426,2022,US Unemployment Rate,Percent,3.649,
20230426,2022,10-Year Treasury Note,Percent,2.952,
20230426,2022,Federal Funds Rate,Percent,1.683,
20230426,2022,NYC Real Gross City Product,Billions of 2012 Dollars,942.295,
20230426,2022,NYC Non-Agricultural Employment,"Thousands of Jobs, non-seasonally-adjusted","4,554.03",
20230426,2022,NYC Consumer Price Index,Index (1982-84=100),310.141,
20230426,2022,NYC Wage Rate,Dollars Per Year,"114,954.08",
20230426,2022,NYC Personal Income,Billions of Dollars,703.702,
20230426,2022,NYC Office Market Asking Rental Rate,Dollars per Square Foot,79.064,
20230426,2022,NYC Office Market Vacancy Rate,Percent,21.918,
20230426,2023,US Real GDP,Billions of 2012 Dollars,"20,212.58",
20230426,2023,US Non Agricultural Employment,Millions of Jobs,155.0945,
20230426,2023,US Consumer Price Index,Index (1982-84=100),305.387,
20230426,2023,US Wage Rate,Dollars Per Year,"76,716.84",
20230426,2023,US Personal Income,Billions of Dollars,"22,869.72",
20230426,2023,Before-Tax Corporate Profits,Billions of Dollars,"3,384.34",
20230426,2023,US Unemployment Rate,Percent,3.616,
20230426,2023,10-Year Treasury Note,Percent,3.979,
20230426,2023,Federal Funds Rate,Percent,5.055,
20230426,2023,NYC Real Gross City Product,Billions of 2012 Dollars,947.821,
20230426,2023,NYC Non-Agricultural Employment,"Thousands of Jobs, non-seasonally-adjusted","4,646.31",
20230426,2023,NYC Consumer Price Index,Index (1982-84=100),321.088,
20230426,2023,NYC Wage Rate,Dollars Per Year,"113,119.66",
20230426,2023,NYC Personal Income,Billions of Dollars,719.525,
20230426,2023,NYC Office Market Asking Rental Rate,Dollars per Square Foot,79.194,
20230426,2023,NYC Office Market Vacancy Rate,Percent,22.712,
20230426,2024,US Real GDP,Billions of 2012 Dollars,"20,514.01",
20230426,2024,US Non Agricultural Employment,Millions of Jobs,154.43215,
20230426,2024,US Consumer Price Index,Index (1982-84=100),313.557,
20230426,2024,US Wage Rate,Dollars Per Year,"80,422.08",
20230426,2024,US Personal Income,Billions of Dollars,"23,945.77",
20230426,2024,Before-Tax Corporate Profits,Billions of Dollars,"3,426.46",
20230426,2024,US Unemployment Rate,Percent,4.121,
20230426,2024,10-Year Treasury Note,Percent,3.703,
20230426,2024,Federal Funds Rate,Percent,4.621,
20230426,2024,NYC Real Gross City Product,Billions of 2012 Dollars,967.112,
20230426,2024,NYC Non-Agricultural Employment,"Thousands of Jobs, non-seasonally-adjusted","4,723.03",
20230426,2024,NYC Consumer Price Index,Index (1982-84=100),327.277,
20230426,2024,NYC Wage Rate,Dollars Per Year,"117,037.05",
20230426,2024,NYC Personal Income,Billions of Dollars,755.443,
20230426,2024,NYC Office Market Asking Rental Rate,Dollars per Square Foot,79.919,
20230426,2024,NYC Office Market Vacancy Rate,Percent,21.404,
20230426,2025,US Real GDP,Billions of 2012 Dollars,"20,823.43",
20230426,2025,US Non Agricultural Employment,Millions of Jobs,154.1123,
20230426,2025,US Consumer Price Index,Index (1982-84=100),320.423,
20230426,2025,US Wage Rate,Dollars Per Year,"83,921.38",
20230426,2025,US Personal Income,Billions of Dollars,"25,007.83",
20230426,2025,Before-Tax Corporate Profits,Billions of Dollars,"3,470.07",
20230426,2025,US Unemployment Rate,Percent,4.445,
20230426,2025,10-Year Treasury Note,Percent,3.392,
20230426,2025,Federal Funds Rate,Percent,3.199,
20230426,2025,NYC Real Gross City Product,Billions of 2012 Dollars,983.583,
20230426,2025,NYC Non-Agricultural Employment,"Thousands of Jobs, non-seasonally-adjusted","4,797.97",
20230426,2025,NYC Consumer Price Index,Index (1982-84=100),332.794,
20230426,2025,NYC Wage Rate,Dollars Per Year,"120,942.06",
20230426,2025,NYC Personal Income,Billions of Dollars,790.443,
20230426,2025,NYC Office Market Asking Rental Rate,Dollars per Square Foot,80.855,
20230426,2025,NYC Office Market Vacancy Rate,Percent,20.093,
20230426,2026,US Real GDP,Billions of 2012 Dollars,"21,179.72",
20230426,2026,US Non Agricultural Employment,Millions of Jobs,154.2625,
20230426,2026,US Consumer Price Index,Index (1982-84=100),327.382,
20230426,2026,US Wage Rate,Dollars Per Year,"87,341.38",
20230426,2026,US Personal Income,Billions of Dollars,"26,119.03",
20230426,2026,Before-Tax Corporate Profits,Billions of Dollars,"3,603.09",
20230426,2026,US Unemployment Rate,Percent,4.533,
20230426,2026,10-Year Treasury Note,Percent,3.262,
20230426,2026,Federal Funds Rate,Percent,2.628,
20230426,2026,NYC Real Gross City Product,Billions of 2012 Dollars,999.371,
20230426,2026,NYC Non-Agricultural Employment,"Thousands of Jobs, non-seasonally-adjusted","4,875.29",
20230426,2026,NYC Consumer Price Index,Index (1982-84=100),338.204,
20230426,2026,NYC Wage Rate,Dollars Per Year,"124,456.28",
20230426,2026,NYC Personal Income,Billions of Dollars,827.158,
20230426,2026,NYC Office Market Asking Rental Rate,Dollars per Square Foot,81.55,
20230426,2026,NYC Office Market Vacancy Rate,Percent,19.349,
20230426,2027,US Real GDP,Billions of 2012 Dollars,"21,548.84",
20230426,2027,US Non Agricultural Employment,Millions of Jobs,154.773075,
20230426,2027,US Consumer Price Index,Index (1982-84=100),335.025,
20230426,2027,US Wage Rate,Dollars Per Year,"90,866.60",
20230426,2027,US Personal Income,Billions of Dollars,"27,321.37",
20230426,2027,Before-Tax Corporate Profits,Billions of Dollars,"3,753.31",
20230426,2027,US Unemployment Rate,Percent,4.447,
20230426,2027,10-Year Treasury Note,Percent,3.23,
20230426,2027,Federal Funds Rate,Percent,2.627,
20230426,2027,NYC Real Gross City Product,Billions of 2012 Dollars,"1,014.27",
20230426,2027,NYC Non-Agricultural Employment,"Thousands of Jobs, non-seasonally-adjusted","4,946.01",
20230426,2027,NYC Consumer Price Index,Index (1982-84=100),343.895,
20230426,2027,NYC Wage Rate,Dollars Per Year,"128,456.70",
20230426,2027,NYC Personal Income,Billions of Dollars,867.37,
20230426,2027,NYC Office Market Asking Rental Rate,Dollars per Square Foot,82.582,
20230426,2027,NYC Office Market Vacancy Rate,Percent,19.176,
20240116,2023,US Real GDP,Billions of 2017 Dollars,"22,350.66",
20240116,2023,US Non Agricultural Employment,Millions of Jobs,156.181908,
20240116,2023,US Consumer Price Index,Index (1982-84=100),304.66,
20240116,2023,US Wage Rate,Dollars Per Year,"75,617.68",
20240116,2023,US Personal Income,Billions of Dollars,"22,981.67",
20240116,2023,Before-Tax Corporate Profits,Billions of Dollars,"3,534.28",
20240116,2023,US Unemployment Rate,Percent,3.635,
20240116,2023,10-Year Treasury Note,Percent,3.972,
20240116,2023,Federal Funds Rate,Percent,5.027,
20240116,2023,NYC Real Gross City Product,Billions of 2017 Dollars,"1,073.21",
20240116,2023,NYC Non-Agricultural Employment,"Thousands of Jobs, non-seasonally-adjusted","4,679.59",
20240116,2023,NYC Consumer Price Index,Index (1982-84=100),321.826,
20240116,2023,NYC Wage Rate,Dollars Per Year,"114,017.18",
20240116,2023,NYC Personal Income,Billions of Dollars,691.909,
20240116,2023,NYC Office Market Asking Rental Rate,Dollars per Square Foot,79.845,
20240116,2023,NYC Office Market Vacancy Rate,Percent,21.705,
20240116,2024,US Real GDP,Billions of 2017 Dollars,"22,694.00",
20240116,2024,US Non Agricultural Employment,Millions of Jobs,157.36475,
20240116,2024,US Consumer Price Index,Index (1982-84=100),312.682,
20240116,2024,US Wage Rate,Dollars Per Year,"78,463.46",
20240116,2024,US Personal Income,Billions of Dollars,"24,158.32",
20240116,2024,Before-Tax Corporate Profits,Billions of Dollars,"3,693.14",
20240116,2024,US Unemployment Rate,Percent,4.028,
20240116,2024,10-Year Treasury Note,Percent,3.936,
20240116,2024,Federal Funds Rate,Percent,5.133,
20240116,2024,NYC Real Gross City Product,Billions of 2017 Dollars,"1,091.64",
20240116,2024,NYC Non-Agricultural Employment,"Thousands of Jobs, non-seasonally-adjusted","4,759.36",
20240116,2024,NYC Consumer Price Index,Index (1982-84=100),327.499,
20240116,2024,NYC Wage Rate,Dollars Per Year,"116,474.33",
20240116,2024,NYC Personal Income,Billions of Dollars,724.162,
20240116,2024,NYC Office Market Asking Rental Rate,Dollars per Square Foot,80.596,
20240116,2024,NYC Office Market Vacancy Rate,Percent,21.133,
20240116,2025,US Real GDP,Billions of 2017 Dollars,"22,987.35",
20240116,2025,US Non Agricultural Employment,Millions of Jobs,157.489,
20240116,2025,US Consumer Price Index,Index (1982-84=100),318.861,
20240116,2025,US Wage Rate,Dollars Per Year,"81,281.66",
20240116,2025,US Personal Income,Billions of Dollars,"25,373.71",
20240116,2025,Before-Tax Corporate Profits,Billions of Dollars,"3,693.93",
20240116,2025,US Unemployment Rate,Percent,4.321,
20240116,2025,10-Year Treasury Note,Percent,3.401,
20240116,2025,Federal Funds Rate,Percent,3.802,
20240116,2025,NYC Real Gross City Product,Billions of 2017 Dollars,"1,116.17",
20240116,2025,NYC Non-Agricultural Employment,"Thousands of Jobs, non-seasonally-adjusted","4,865.93",
20240116,2025,NYC Consumer Price Index,Index (1982-84=100),332.793,
20240116,2025,NYC Wage Rate,Dollars Per Year,"120,070.43",
20240116,2025,NYC Personal Income,Billions of Dollars,763.746,
20240116,2025,NYC Office Market Asking Rental Rate,Dollars per Square Foot,81.041,
20240116,2025,NYC Office Market Vacancy Rate,Percent,20.391,
20240116,2026,US Real GDP,Billions of 2017 Dollars,"23,319.10",
20240116,2026,US Non Agricultural Employment,Millions of Jobs,157.752025,
20240116,2026,US Consumer Price Index,Index (1982-84=100),326.774,
20240116,2026,US Wage Rate,Dollars Per Year,"84,238.21",
20240116,2026,US Personal Income,Billions of Dollars,"26,521.34",
20240116,2026,Before-Tax Corporate Profits,Billions of Dollars,"3,809.34",
20240116,2026,US Unemployment Rate,Percent,4.483,
20240116,2026,10-Year Treasury Note,Percent,3.172,
20240116,2026,Federal Funds Rate,Percent,2.73,
20240116,2026,NYC Real Gross City Product,Billions of 2017 Dollars,"1,135.21",
20240116,2026,NYC Non-Agricultural Employment,"Thousands of Jobs, non-seasonally-adjusted","4,954.43",
20240116,2026,NYC Consumer Price Index,Index (1982-84=100),340.05,
20240116,2026,NYC Wage Rate,Dollars Per Year,"122,836.53",
20240116,2026,NYC Personal Income,Billions of Dollars,799.07,
20240116,2026,NYC Office Market Asking Rental Rate,Dollars per Square Foot,81.544,
20240116,2026,NYC Office Market Vacancy Rate,Percent,20.047,
20240116,2027,US Real GDP,Billions of 2017 Dollars,"23,687.74",
20240116,2027,US Non Agricultural Employment,Millions of Jobs,158.270775,
20240116,2027,US Consumer Price Index,Index (1982-84=100),334.087,
20240116,2027,US Wage Rate,Dollars Per Year,"87,355.44",
20240116,2027,US Personal Income,Billions of Dollars,"27,708.66",
20240116,2027,Before-Tax Corporate Profits,Billions of Dollars,"3,947.92",
20240116,2027,US Unemployment Rate,Percent,4.479,
20240116,2027,10-Year Treasury Note,Percent,3.153,
20240116,2027,Federal Funds Rate,Percent,2.63,
20240116,2027,NYC Real Gross City Product,Billions of 2017 Dollars,"1,155.58",
20240116,2027,NYC Non-Agricultural Employment,"Thousands of Jobs, non-seasonally-adjusted","5,035.76",
20240116,2027,NYC Consumer Price Index,Index (1982-84=100),347.566,
20240116,2027,NYC Wage Rate,Dollars Per Year,"125,634.67",
20240116,2027,NYC Personal Income,Billions of Dollars,837.431,
20240116,2027,NYC Office Market Asking Rental Rate,Dollars per Square Foot,82.253,
20240116,2027,NYC Office Market Vacancy Rate,Percent,19.988,
20240116,2028,US Real GDP,Billions of 2017 Dollars,"24,078.43",
20240116,2028,US Non Agricultural Employment,Millions of Jobs,158.9971,
20240116,2028,US Consumer Price Index,Index (1982-84=100),341.299,
20240116,2028,US Wage Rate,Dollars Per Year,"90,519.12",
20240116,2028,US Personal Income,Billions of Dollars,"28,925.15",
20240116,2028,Before-Tax Corporate Profits,Billions of Dollars,"4,022.77",
20240116,2028,US Unemployment Rate,Percent,4.358,
20240116,2028,10-Year Treasury Note,Percent,3.176,
20240116,2028,Federal Funds Rate,Percent,2.632,
20240116,2028,NYC Real Gross City Product,Billions of 2017 Dollars,"1,178.46",
20240116,2028,NYC Non-Agricultural Employment,"Thousands of Jobs, non-seasonally-adjusted","5,125.07",
20240116,2028,NYC Consumer Price Index,Index (1982-84=100),354.945,
20240116,2028,NYC Wage Rate,Dollars Per Year,"129,297.59",
20240116,2028,NYC Personal Income,Billions of Dollars,877.947,
20240116,2028,NYC Office Market Asking Rental Rate,Dollars per Square Foot,83.794,
20240116,2028,NYC Office Market Vacancy Rate,Percent,19.517,
20240424,2023,US Real GDP,Billions of 2017 Dollars,"22,374.34",
20240424,2023,US Non Agricultural Employment,Millions of Jobs,156.0655,
20240424,2023,US Consumer Price Index,Index (1982-84=100),304.701,
20240424,2023,US Wage Rate,Dollars Per Year,"75,718.04",
20240424,2023,US Personal Income,Billions of Dollars,"22,975.70",
20240424,2023,Before-Tax Corporate Profits,Billions of Dollars,"3,533.78",
20240424,2023,US Unemployment Rate,Percent,3.637,
20240424,2023,10-Year Treasury Note,Percent,3.958,
20240424,2023,Federal Funds Rate,Percent,5.024,
20240424,2023,NYC Real Gross City Product,Billions of 2017 Dollars,"1,083.83",
20240424,2023,NYC Non-Agricultural Employment,"Thousands of Jobs, non-seasonally-adjusted","4,670.33",
20240424,2023,NYC Consumer Price Index,Index (1982-84=100),321.998,
20240424,2023,NYC Wage Rate,Dollars Per Year,"113,961.26",
20240424,2023,NYC Personal Income,Billions of Dollars,690.38,
20240424,2023,NYC Office Market Asking Rental Rate,Dollars per Square Foot,81.211,
20240424,2023,NYC Office Market Vacancy Rate,Percent,22.026,
20240424,2024,US Real GDP,Billions of 2017 Dollars,"22,925.03",
20240424,2024,US Non Agricultural Employment,Millions of Jobs,158.1792,
20240424,2024,US Consumer Price Index,Index (1982-84=100),313.79,
20240424,2024,US Wage Rate,Dollars Per Year,"78,592.98",
20240424,2024,US Personal Income,Billions of Dollars,"24,118.69",
20240424,2024,Before-Tax Corporate Profits,Billions of Dollars,"3,904.13",
20240424,2024,US Unemployment Rate,Percent,3.853,
20240424,2024,10-Year Treasury Note,Percent,3.908,
20240424,2024,Federal Funds Rate,Percent,5.116,
20240424,2024,NYC Real Gross City Product,Billions of 2017 Dollars,"1,123.10",
20240424,2024,NYC Non-Agricultural Employment,"Thousands of Jobs, non-seasonally-adjusted","4,741.65",
20240424,2024,NYC Consumer Price Index,Index (1982-84=100),328.092,
20240424,2024,NYC Wage Rate,Dollars Per Year,"117,040.29",
20240424,2024,NYC Personal Income,Billions of Dollars,721.163,
20240424,2024,NYC Office Market Asking Rental Rate,Dollars per Square Foot,80.103,
20240424,2024,NYC Office Market Vacancy Rate,Percent,22.723,
20240424,2025,US Real GDP,Billions of 2017 Dollars,"23,252.09",
20240424,2025,US Non Agricultural Employment,Millions of Jobs,158.2983,
20240424,2025,US Consumer Price Index,Index (1982-84=100),320.423,
20240424,2025,US Wage Rate,Dollars Per Year,"81,487.42",
20240424,2025,US Personal Income,Billions of Dollars,"25,366.77",
20240424,2025,Before-Tax Corporate Profits,Billions of Dollars,"3,950.32",
20240424,2025,US Unemployment Rate,Percent,4.209,
20240424,2025,10-Year Treasury Note,Percent,3.463,
20240424,2025,Federal Funds Rate,Percent,3.687,
20240424,2025,NYC Real Gross City Product,Billions of 2017 Dollars,"1,143.93",
20240424,2025,NYC Non-Agricultural Employment,"Thousands of Jobs, non-seasonally-adjusted","4,816.35",
20240424,2025,NYC Consumer Price Index,Index (1982-84=100),333.454,
20240424,2025,NYC Wage Rate,Dollars Per Year,"121,183.87",
20240424,2025,NYC Personal Income,Billions of Dollars,761.245,
20240424,2025,NYC Office Market Asking Rental Rate,Dollars per Square Foot,79.567,
20240424,2025,NYC Office Market Vacancy Rate,Percent,22.34,
20240424,2026,US Real GDP,Billions of 2017 Dollars,"23,644.08",
20240424,2026,US Non Agricultural Employment,Millions of Jobs,158.32885,
20240424,2026,US Consumer Price Index,Index (1982-84=100),329.054,
20240424,2026,US Wage Rate,Dollars Per Year,"84,590.84",
20240424,2026,US Personal Income,Billions of Dollars,"26,626.37",
20240424,2026,Before-Tax Corporate Profits,Billions of Dollars,"4,071.72",
20240424,2026,US Unemployment Rate,Percent,4.489,
20240424,2026,10-Year Treasury Note,Percent,3.277,
20240424,2026,Federal Funds Rate,Percent,2.674,
20240424,2026,NYC Real Gross City Product,Billions of 2017 Dollars,"1,162.56",
20240424,2026,NYC Non-Agricultural Employment,"Thousands of Jobs, non-seasonally-adjusted","4,896.62",
20240424,2026,NYC Consumer Price Index,Index (1982-84=100),340.469,
20240424,2026,NYC Wage Rate,Dollars Per Year,"124,449.96",
20240424,2026,NYC Personal Income,Billions of Dollars,801.421,
20240424,2026,NYC Office Market Asking Rental Rate,Dollars per Square Foot,79.843,
20240424,2026,NYC Office Market Vacancy Rate,Percent,21.632,
20240424,2027,US Real GDP,Billions of 2017 Dollars,"24,067.80",
20240424,2027,US Non Agricultural Employment,Millions of Jobs,158.7351,
20240424,2027,US Consumer Price Index,Index (1982-84=100),337.138,
20240424,2027,US Wage Rate,Dollars Per Year,"87,781.61",
20240424,2027,US Personal Income,Billions of Dollars,"27,910.88",
20240424,2027,Before-Tax Corporate Profits,Billions of Dollars,"4,187.24",
20240424,2027,US Unemployment Rate,Percent,4.491,
20240424,2027,10-Year Treasury Note,Percent,3.205,
20240424,2027,Federal Funds Rate,Percent,2.626,
20240424,2027,NYC Real Gross City Product,Billions of 2017 Dollars,"1,181.32",
20240424,2027,NYC Non-Agricultural Employment,"Thousands of Jobs, non-seasonally-adjusted","4,967.66",
20240424,2027,NYC Consumer Price Index,Index (1982-84=100),348.007,
20240424,2027,NYC Wage Rate,Dollars Per Year,"127,257.87",
20240424,2027,NYC Personal Income,Billions of Dollars,841.588,
20240424,2027,NYC Office Market Asking Rental Rate,Dollars per Square Foot,79.886,
20240424,2027,NYC Office Market Vacancy Rate,Percent,20.967,
20240424,2028,US Real GDP,Billions of 2017 Dollars,"24,501.26",
20240424,2028,US Non Agricultural Employment,Millions of Jobs,159.30455,
20240424,2028,US Consumer Price Index,Index (1982-84=100),344.902,
20240424,2028,US Wage Rate,Dollars Per Year,"91,050.29",
20240424,2028,US Personal Income,Billions of Dollars,"29,188.75",
20240424,2028,Before-Tax Corporate Profits,Billions of Dollars,"4,244.19",
20240424,2028,US Unemployment Rate,Percent,4.391,
20240424,2028,10-Year Treasury Note,Percent,3.182,
20240424,2028,Federal Funds Rate,Percent,2.626,
20240424,2028,NYC Real Gross City Product,Billions of 2017 Dollars,"1,202.37",
20240424,2028,NYC Non-Agricultural Employment,"Thousands of Jobs, non-seasonally-adjusted","5,041.03",
20240424,2028,NYC Consumer Price Index,Index (1982-84=100),355.384,
20240424,2028,NYC Wage Rate,Dollars Per Year,"131,047.62",
20240424,2028,NYC Personal Income,Billions of Dollars,883.052,
20240424,2028,NYC Office Market Asking Rental Rate,Dollars per Square Foot,79.917,
20240424,2028,NYC Office Market Vacancy Rate,Percent,20.254,
20250116,2024,US Real GDP,Billions of 2017 Dollars,"23,283.84",
20250116,2024,US Non Agricultural Employment,Millions of Jobs,158.543333,
20250116,2024,US Consumer Price Index,Index (1982-84=100),313.589,
20250116,2024,US Wage Rate,Dollars Per Year,"78,879.68",
20250116,2024,US Personal Income,Billions of Dollars,"24,760.64",
20250116,2024,Before-Tax Corporate Profits,Billions of Dollars,"4,067.31",
20250116,2024,US Unemployment Rate,Percent,4.026,
20250116,2024,10-Year Treasury Note,Percent,4.175,
20250116,2024,Federal Funds Rate,Percent,5.145,
20250116,2024,NYC Real Gross City Product,Billions of 2017 Dollars,"1,114.39",
20250116,2024,NYC Non-Agricultural Employment,"Thousands of Jobs, non-seasonally-adjusted","4,747.76",
20250116,2024,NYC Consumer Price Index,Index (1982-84=100),333.496,
20250116,2024,NYC Wage Rate,Dollars Per Year,"118,009.69",
20250116,2024,NYC Personal Income,Billions of Dollars,787.374,
20250116,2024,NYC Office Market Asking Rental Rate,Dollars per Square Foot,81.8,
20250116,2024,NYC Office Market Vacancy Rate,Percent,22.653,
20250116,2025,US Real GDP,Billions of 2017 Dollars,"23,757.54",
20250116,2025,US Non Agricultural Employment,Millions of Jobs,159.886075,
20250116,2025,US Consumer Price Index,Index (1982-84=100),320.32,
20250116,2025,US Wage Rate,Dollars Per Year,"82,130.12",
20250116,2025,US Personal Income,Billions of Dollars,"25,972.40",
20250116,2025,Before-Tax Corporate Profits,Billions of Dollars,"4,076.11",
20250116,2025,US Unemployment Rate,Percent,4.406,
20250116,2025,10-Year Treasury Note,Percent,3.946,
20250116,2025,Federal Funds Rate,Percent,4.022,
20250116,2025,NYC Real Gross City Product,Billions of 2017 Dollars,"1,158.05",
20250116,2025,NYC Non-Agricultural Employment,"Thousands of Jobs, non-seasonally-adjusted","4,811.04",
20250116,2025,NYC Consumer Price Index,Index (1982-84=100),341.898,
20250116,2025,NYC Wage Rate,Dollars Per Year,"121,889.38",
20250116,2025,NYC Personal Income,Billions of Dollars,820.884,
20250116,2025,NYC Office Market Asking Rental Rate,Dollars per Square Foot,82.195,
20250116,2025,NYC Office Market Vacancy Rate,Percent,21.941,
20250116,2026,US Real GDP,Billions of 2017 Dollars,"24,227.44",
20250116,2026,US Non Agricultural Employment,Millions of Jobs,160.3063,
20250116,2026,US Consumer Price Index,Index (1982-84=100),328.1,
20250116,2026,US Wage Rate,Dollars Per Year,"85,554.28",
20250116,2026,US Personal Income,Billions of Dollars,"27,302.02",
20250116,2026,Before-Tax Corporate Profits,Billions of Dollars,"3,926.76",
20250116,2026,US Unemployment Rate,Percent,4.553,
20250116,2026,10-Year Treasury Note,Percent,4.017,
20250116,2026,Federal Funds Rate,Percent,3.721,
20250116,2026,NYC Real Gross City Product,Billions of 2017 Dollars,"1,196.07",
20250116,2026,NYC Non-Agricultural Employment,"Thousands of Jobs, non-seasonally-adjusted","4,881.64",
20250116,2026,NYC Consumer Price Index,Index (1982-84=100),347.919,
20250116,2026,NYC Wage Rate,Dollars Per Year,"125,508.65",
20250116,2026,NYC Personal Income,Billions of Dollars,858.492,
20250116,2026,NYC Office Market Asking Rental Rate,Dollars per Square Foot,82.728,
20250116,2026,NYC Office Market Vacancy Rate,Percent,20.916,
20250116,2027,US Real GDP,Billions of 2017 Dollars,"24,657.46",
20250116,2027,US Non Agricultural Employment,Millions of Jobs,160.430025,
20250116,2027,US Consumer Price Index,Index (1982-84=100),335.874,
20250116,2027,US Wage Rate,Dollars Per Year,"88,562.94",
20250116,2027,US Personal Income,Billions of Dollars,"28,547.44",
20250116,2027,Before-Tax Corporate Profits,Billions of Dollars,"4,084.53",
20250116,2027,US Unemployment Rate,Percent,4.643,
20250116,2027,10-Year Treasury Note,Percent,3.48,
20250116,2027,Federal Funds Rate,Percent,3.144,
20250116,2027,NYC Real Gross City Product,Billions of 2017 Dollars,"1,231.74",
20250116,2027,NYC Non-Agricultural Employment,"Thousands of Jobs, non-seasonally-adjusted","4,952.83",
20250116,2027,NYC Consumer Price Index,Index (1982-84=100),353.638,
20250116,2027,NYC Wage Rate,Dollars Per Year,"128,016.54",
20250116,2027,NYC Personal Income,Billions of Dollars,896.203,
20250116,2027,NYC Office Market Asking Rental Rate,Dollars per Square Foot,82.975,
20250116,2027,NYC Office Market Vacancy Rate,Percent,19.893,
20250116,2028,US Real GDP,Billions of 2017 Dollars,"25,127.05",
20250116,2028,US Non Agricultural Employment,Millions of Jobs,160.816575,
20250116,2028,US Consumer Price Index,Index (1982-84=100),342.544,
20250116,2028,US Wage Rate,Dollars Per Year,"91,937.93",
20250116,2028,US Personal Income,Billions of Dollars,"29,925.13",
20250116,2028,Before-Tax Corporate Profits,Billions of Dollars,"4,110.07",
20250116,2028,US Unemployment Rate,Percent,4.585,
20250116,2028,10-Year Treasury Note,Percent,3.489,
20250116,2028,Federal Funds Rate,Percent,3.125,
20250116,2028,NYC Real Gross City Product,Billions of 2017 Dollars,"1,270.62",
20250116,2028,NYC Non-Agricultural Employment,"Thousands of Jobs, non-seasonally-adjusted","5,039.63",
20250116,2028,NYC Consumer Price Index,Index (1982-84=100),358.548,
20250116,2028,NYC Wage Rate,Dollars Per Year,"130,979.54",
20250116,2028,NYC Personal Income,Billions of Dollars,939.028,
20250116,2028,NYC Office Market Asking Rental Rate,Dollars per Square Foot,83.69,
20250116,2028,NYC Office Market Vacancy Rate,Percent,19.01,
20250116,2029,US Real GDP,Billions of 2017 Dollars,"25,597.69",
20250116,2029,US Non Agricultural Employment,Millions of Jobs,161.60995,
20250116,2029,US Consumer Price Index,Index (1982-84=100),350.589,
20250116,2029,US Wage Rate,Dollars Per Year,"95,088.11",
20250116,2029,US Personal Income,Billions of Dollars,"31,276.70",
20250116,2029,Before-Tax Corporate Profits,Billions of Dollars,"4,179.38",
20250116,2029,US Unemployment Rate,Percent,4.412,
20250116,2029,10-Year Treasury Note,Percent,3.509,
20250116,2029,Federal Funds Rate,Percent,3.125,
20250116,2029,NYC Real Gross City Product,Billions of 2017 Dollars,"1,314.28",
20250116,2029,NYC Non-Agricultural Employment,"Thousands of Jobs, non-seasonally-adjusted","5,128.00",
20250116,2029,NYC Consumer Price Index,Index (1982-84=100),363.152,
20250116,2029,NYC Wage Rate,Dollars Per Year,"134,075.63",
20250116,2029,NYC Personal Income,Billions of Dollars,981.6,
20250116,2029,NYC Office Market Asking Rental Rate,Dollars per Square Foot,84.06,
20250116,2029,NYC Office Market Vacancy Rate,Percent,18.27,
20250501,2024,US Real GDP,Billions of 2017 Dollars,"23,303.51",
20250501,2024,US Non Agricultural Employment,Millions of Jobs,157.960417,
20250501,2024,US Consumer Price Index,Index (1982-84=100),313.698,
20250501,2024,US Wage Rate,Dollars Per Year,"78,438.28",
20250501,2024,US Personal Income,Billions of Dollars,"24,665.50",
20250501,2024,Before-Tax Corporate Profits,Billions of Dollars,"4,065.70",
20250501,2024,US Unemployment Rate,Percent,4.021,
20250501,2024,10-Year Treasury Note,Percent,4.208,
20250501,2024,Federal Funds Rate,Percent,5.143,
20250501,2024,NYC Real Gross City Product,Billions of 2017 Dollars,"1,122.07",
20250501,2024,NYC Non-Agricultural Employment,"Thousands of Jobs, non-seasonally-adjusted","4,787.45",
20250501,2024,NYC Consumer Price Index,Index (1982-84=100),334.209,
20250501,2024,NYC Wage Rate,Dollars Per Year,"119,055.21",
20250501,2024,NYC Personal Income,Billions of Dollars,786.835,
20250501,2024,NYC Office Market Asking Rental Rate,Dollars per Square Foot,81.821,
20250501,2024,NYC Office Market Vacancy Rate,Percent,21.966,
20250501,2025,US Real GDP,Billions of 2017 Dollars,"23,753.02",
20250501,2025,US Non Agricultural Employment,Millions of Jobs,159.573975,
20250501,2025,US Consumer Price Index,Index (1982-84=100),323.755,
20250501,2025,US Wage Rate,Dollars Per Year,"81,167.28",
20250501,2025,US Personal Income,Billions of Dollars,"25,831.91",
20250501,2025,Before-Tax Corporate Profits,Billions of Dollars,"4,140.38",
20250501,2025,US Unemployment Rate,Percent,4.276,
20250501,2025,10-Year Treasury Note,Percent,4.378,
20250501,2025,Federal Funds Rate,Percent,4.336,
20250501,2025,NYC Real Gross City Product,Billions of 2017 Dollars,"1,161.21",
20250501,2025,NYC Non-Agricultural Employment,"Thousands of Jobs, non-seasonally-adjusted","4,864.08",
20250501,2025,NYC Consumer Price Index,Index (1982-84=100),347.309,
20250501,2025,NYC Wage Rate,Dollars Per Year,"123,671.11",
20250501,2025,NYC Personal Income,Billions of Dollars,818.754,
20250501,2025,NYC Office Market Asking Rental Rate,Dollars per Square Foot,82.431,
20250501,2025,NYC Office Market Vacancy Rate,Percent,21.342,
20250501,2026,US Real GDP,Billions of 2017 Dollars,"24,202.73",
20250501,2026,US Non Agricultural Employment,Millions of Jobs,160.0249,
20250501,2026,US Consumer Price Index,Index (1982-84=100),332.194,
20250501,2026,US Wage Rate,Dollars Per Year,"84,670.54",
20250501,2026,US Personal Income,Billions of Dollars,"27,170.50",
20250501,2026,Before-Tax Corporate Profits,Billions of Dollars,"4,205.73",
20250501,2026,US Unemployment Rate,Percent,4.559,
20250501,2026,10-Year Treasury Note,Percent,4.079,
20250501,2026,Federal Funds Rate,Percent,3.702,
20250501,2026,NYC Real Gross City Product,Billions of 2017 Dollars,"1,193.54",
20250501,2026,NYC Non-Agricultural Employment,"Thousands of Jobs, non-seasonally-adjusted","4,921.98",
20250501,2026,NYC Consumer Price Index,Index (1982-84=100),356.909,
20250501,2026,NYC Wage Rate,Dollars Per Year,"125,878.79",
20250501,2026,NYC Personal Income,Billions of Dollars,854.684,
20250501,2026,NYC Office Market Asking Rental Rate,Dollars per Square Foot,82.631,
20250501,2026,NYC Office Market Vacancy Rate,Percent,20.827,
20250501,2027,US Real GDP,Billions of 2017 Dollars,"24,579.66",
20250501,2027,US Non Agricultural Employment,Millions of Jobs,160.130275,
20250501,2027,US Consumer Price Index,Index (1982-84=100),338.941,
20250501,2027,US Wage Rate,Dollars Per Year,"88,360.87",
20250501,2027,US Personal Income,Billions of Dollars,"28,523.19",
20250501,2027,Before-Tax Corporate Profits,Billions of Dollars,"4,222.45",
20250501,2027,US Unemployment Rate,Percent,4.709,
20250501,2027,10-Year Treasury Note,Percent,3.903,
20250501,2027,Federal Funds Rate,Percent,3.125,
20250501,2027,NYC Real Gross City Product,Billions of 2017 Dollars,"1,232.75",
20250501,2027,NYC Non-Agricultural Employment,"Thousands of Jobs, non-seasonally-adjusted","5,009.38",
20250501,2027,NYC Consumer Price Index,Index (1982-84=100),364.688,
20250501,2027,NYC Wage Rate,Dollars Per Year,"128,792.26",
20250501,2027,NYC Personal Income,Billions of Dollars,895.805,
20250501,2027,NYC Office Market Asking Rental Rate,Dollars per Square Foot,82.885,
20250501,2027,NYC Office Market Vacancy Rate,Percent,19.659,
20250501,2028,US Real GDP,Billions of 2017 Dollars,"25,012.00",
20250501,2028,US Non Agricultural Employment,Millions of Jobs,160.384225,
20250501,2028,US Consumer Price Index,Index (1982-84=100),345.692,
20250501,2028,US Wage Rate,Dollars Per Year,"92,101.62",
20250501,2028,US Personal Income,Billions of Dollars,"29,871.61",
20250501,2028,Before-Tax Corporate Profits,Billions of Dollars,"4,243.30",
20250501,2028,US Unemployment Rate,Percent,4.657,
20250501,2028,10-Year Treasury Note,Percent,3.887,
20250501,2028,Federal Funds Rate,Percent,3.125,
20250501,2028,NYC Real Gross City Product,Billions of 2017 Dollars,"1,271.35",
20250501,2028,NYC Non-Agricultural Employment,"Thousands of Jobs, non-seasonally-adjusted","5,096.24",
20250501,2028,NYC Consumer Price Index,Index (1982-84=100),372.03,
20250501,2028,NYC Wage Rate,Dollars Per Year,"132,114.13",
20250501,2028,NYC Personal Income,Billions of Dollars,937.249,
20250501,2028,NYC Office Market Asking Rental Rate,Dollars per Square Foot,83.692,
20250501,2028,NYC Office Market Vacancy Rate,Percent,18.862,
20250501,2029,US Real GDP,Billions of 2017 Dollars,"25,424.72",
20250501,2029,US Non Agricultural Employment,Millions of Jobs,161.0553,
20250501,2029,US Consumer Price Index,Index (1982-84=100),352.524,
20250501,2029,US Wage Rate,Dollars Per Year,"95,421.43",
20250501,2029,US Personal Income,Billions of Dollars,"31,188.63",
20250501,2029,Before-Tax Corporate Profits,Billions of Dollars,"4,287.67",
20250501,2029,US Unemployment Rate,Percent,4.482,
20250501,2029,10-Year Treasury Note,Percent,3.903,
20250501,2029,Federal Funds Rate,Percent,3.125,
20250501,2029,NYC Real Gross City Product,Billions of 2017 Dollars,"1,313.38",
20250501,2029,NYC Non-Agricultural Employment,"Thousands of Jobs, non-seasonally-adjusted","5,189.45",
20250501,2029,NYC Consumer Price Index,Index (1982-84=100),379.838,
20250501,2029,NYC Wage Rate,Dollars Per Year,"135,349.27",
20250501,2029,NYC Personal Income,Billions of Dollars,978.419,
20250501,2029,NYC Office Market Asking Rental Rate,Dollars per Square Foot,84.094,
20250501,2029,NYC Office Market Vacancy Rate,Percent,18.067,
